relative_path	filename	bytes	sha256	version_note	identical_byte_copies
An Evaluation of Some Thermodynamic and Transport Properties of Solid and Liquid Lithium over the Temperature Range 200-1700 K.pdf	An Evaluation of Some Thermodynamic and Transport Properties of Solid and Liquid Lithium over the Temperature Range 200-1700 K.pdf	3657631	9fd8cb9bbdcff30ad1c324d170f75da5adb1172ae4f2eb70079810cb551a3c1b	原位置文件；按哈希识别版本	1
Compilation of Thermophysical Properties of Liquid Lithium.pdf	Compilation of Thermophysical Properties of Liquid Lithium.pdf	1145847	4fe31f6d39ce87c03b03a88bf8e273a1de9d076aa9ebc3c15f8c33b2907991c1	原位置文件；按哈希识别版本	1
Design of closed Brayton cycle power generation system for megawatt-scale space nuclear reactor.pdf	Design of closed Brayton cycle power generation system for megawatt-scale space nuclear reactor.pdf	6184081	fb7cad0e96730f91e6125bdc2f1ef63c03ccf5d662b4fad41b214ed4bc43944b	原位置文件；按哈希识别版本	1
Special material-inconel-alloy-617.pdf	Special material-inconel-alloy-617.pdf	490106	69cec086f735a2e4bbe165fa4bbfb72fe8be979bd3e2a78ee2628637be0ede8c	原位置文件；按哈希识别版本	1
output/nasa_compressor_pdf/NASA-CR-182263-repaired.pdf	NASA-CR-182263-repaired.pdf	2421409	c260a2c91bae317c2aee635f007b533c0a8f3b7025ab3b8c1a06258625b82a38	文件名标记repaired；不代表质量认证	1
output/nasa_compressor_pdf/NASA-CR-182263.pdf	NASA-CR-182263.pdf	1769665	23c53a4101251b5f18dbed3313804792bdf76c6ad09e5c04dc70688165c820ee	原位置文件；按哈希识别版本	1
pmtf685.pdf	pmtf685.pdf	676488	04f95609b6da75dbbf569ad5cade282a726ba47d623d637e4680dadd0afe6576	原位置文件；按哈希识别版本	1
sources/NASA-CR-72533-AiResearch-1967.pdf	NASA-CR-72533-AiResearch-1967.pdf	7157268	c2226cb71d666cac7aadde45d843b7b9cafcba7c0783ac9467b4dc498b59ef0e	原位置文件；按哈希识别版本	2
sources/NASA-TM-2007-215003-Juhasz-2007.pdf	NASA-TM-2007-215003-Juhasz-2007.pdf	845034	2f1a8b19be7deea95a43e6d30468e234e48e9955eed1dc5005b0efa3119fd732	原位置文件；按哈希识别版本	1
sources/NASA-TM-2008-215420-Juhasz-2008.pdf	NASA-TM-2008-215420-Juhasz-2008.pdf	693868	eb332a4e13d75406c47f72d698f11e10708d1f230041aecdda591a86fae7e10f	原位置文件；按哈希识别版本	1
sources/NASA-TM-X-2129-Ball-Tysl-Weigel-1970.pdf	NASA-TM-X-2129-Ball-Tysl-Weigel-1970.pdf	11488759	c4ba6beffa6cb17bc637acad63d08441bd82669f95f1154e059a43c2490f1b42	原位置文件；按哈希识别版本	2
sources/NASA-TM-X-2269-Ball-Tysl-Weigel-1971-repaired.pdf	NASA-TM-X-2269-Ball-Tysl-Weigel-1971-repaired.pdf	2456	d6c34e6f3658dd7793dafa8390fbb1676bae9e8e41ebcb933912c5ef3e2114c9	文件名标记repaired；不代表质量认证	2
sources/NASA-TM-X-2269-Ball-Tysl-Weigel-1971.pdf	NASA-TM-X-2269-Ball-Tysl-Weigel-1971.pdf	1764429	c008e88a5c851f15125b8c2f9206c625af7f5c54bc632c773f0b17768826362e	原位置文件；按哈希识别版本	2
sources/NASA-TN-D-5761-Ball-Heidelberg-Weigel-1970-repaired.pdf	NASA-TN-D-5761-Ball-Heidelberg-Weigel-1970-repaired.pdf	1814746	97782c037b67f07635c9a33a14790e2aef6ad356b48d880df951600e1cb2daf8	文件名标记repaired；不代表质量认证	2
sources/NASA-TN-D-5761-Ball-Heidelberg-Weigel-1970.pdf	NASA-TN-D-5761-Ball-Heidelberg-Weigel-1970.pdf	1166964	9d87e8c082edb59ae88f1d6a6f1af6d549b0a4b9d077aae1edb3f1eb1c2c530d	原位置文件；按哈希识别版本	2
sources/NASA-TN-D-6640-Weigel-Ball-1972-repaired.pdf	NASA-TN-D-6640-Weigel-Ball-1972-repaired.pdf	1655370	90656740ad0983deb60ec6d1be940bc33f0c1b85402149e5ff3f27ae86cf4ce2	文件名标记repaired；不代表质量认证	2
sources/NASA-TN-D-6640-Weigel-Ball-1972.pdf	NASA-TN-D-6640-Weigel-Ball-1972.pdf	1026543	f83076ebed1cc13f376c5f889bcbdc60b813b2611e51b614958b127ef164764e	原位置文件；按哈希识别版本	2
sources/NASA-TN-D-7487-Galvas-1973.pdf	NASA-TN-D-7487-Galvas-1973.pdf	1759538	c8d58a4319eb544957453180d437eb3b2c5f637280a111358c216aa5705e6b84	原位置文件；按哈希识别版本	3
tmp/li_source_power_definition_20260906/Li_et_al_2017_ref85.pdf	Li_et_al_2017_ref85.pdf	291840	069c1aac62b9e42bd21a65310572b32594660ae26bb6a00d1d27014bd18c0964	原位置文件；按哈希识别版本	1
tmp/nak_provenance_20260829/IAEA-THPH_web.pdf	IAEA-THPH_web.pdf	3066483	bdb8454de8bdadf83ecdb1794621180651bcf00108f1214f8f3a82193c05976b	原位置文件；按哈希识别版本	1
tmp/recovery_turbine_docx_20260902/透平建模思路(1).pdf	透平建模思路(1).pdf	1001231	7bba9336c7698634ed302ae77a159c080fbc2ec14635ae2138d44075ea0955c9	原位置文件；按哈希识别版本	1
tmp/steady53_curves_20260828/source_f8bcd83/sources/NASA-CR-72533-AiResearch-1967.pdf	NASA-CR-72533-AiResearch-1967.pdf	7157268	c2226cb71d666cac7aadde45d843b7b9cafcba7c0783ac9467b4dc498b59ef0e	原位置文件；按哈希识别版本	2
tmp/steady53_curves_20260828/source_f8bcd83/sources/NASA-TM-X-2129-Ball-Tysl-Weigel-1970.pdf	NASA-TM-X-2129-Ball-Tysl-Weigel-1970.pdf	11488759	c4ba6beffa6cb17bc637acad63d08441bd82669f95f1154e059a43c2490f1b42	原位置文件；按哈希识别版本	2
tmp/steady53_curves_20260828/source_f8bcd83/sources/NASA-TM-X-2269-Ball-Tysl-Weigel-1971-repaired.pdf	NASA-TM-X-2269-Ball-Tysl-Weigel-1971-repaired.pdf	2456	d6c34e6f3658dd7793dafa8390fbb1676bae9e8e41ebcb933912c5ef3e2114c9	文件名标记repaired；不代表质量认证	2
tmp/steady53_curves_20260828/source_f8bcd83/sources/NASA-TM-X-2269-Ball-Tysl-Weigel-1971.pdf	NASA-TM-X-2269-Ball-Tysl-Weigel-1971.pdf	1764429	c008e88a5c851f15125b8c2f9206c625af7f5c54bc632c773f0b17768826362e	原位置文件；按哈希识别版本	2
tmp/steady53_curves_20260828/source_f8bcd83/sources/NASA-TN-D-5761-Ball-Heidelberg-Weigel-1970-repaired.pdf	NASA-TN-D-5761-Ball-Heidelberg-Weigel-1970-repaired.pdf	1814746	97782c037b67f07635c9a33a14790e2aef6ad356b48d880df951600e1cb2daf8	文件名标记repaired；不代表质量认证	2
tmp/steady53_curves_20260828/source_f8bcd83/sources/NASA-TN-D-5761-Ball-Heidelberg-Weigel-1970.pdf	NASA-TN-D-5761-Ball-Heidelberg-Weigel-1970.pdf	1166964	9d87e8c082edb59ae88f1d6a6f1af6d549b0a4b9d077aae1edb3f1eb1c2c530d	原位置文件；按哈希识别版本	2
tmp/steady53_curves_20260828/source_f8bcd83/sources/NASA-TN-D-6640-Weigel-Ball-1972-repaired.pdf	NASA-TN-D-6640-Weigel-Ball-1972-repaired.pdf	1655370	90656740ad0983deb60ec6d1be940bc33f0c1b85402149e5ff3f27ae86cf4ce2	文件名标记repaired；不代表质量认证	2
tmp/steady53_curves_20260828/source_f8bcd83/sources/NASA-TN-D-6640-Weigel-Ball-1972.pdf	NASA-TN-D-6640-Weigel-Ball-1972.pdf	1026543	f83076ebed1cc13f376c5f889bcbdc60b813b2611e51b614958b127ef164764e	原位置文件；按哈希识别版本	2
tmp/steady53_curves_20260828/source_f8bcd83/sources/NASA-TN-D-7487-Galvas-1973.pdf	NASA-TN-D-7487-Galvas-1973.pdf	1759538	c8d58a4319eb544957453180d437eb3b2c5f637280a111358c216aa5705e6b84	原位置文件；按哈希识别版本	3
压气机程序 (Compressor Program).pdf	压气机程序 (Compressor Program).pdf	1759538	c8d58a4319eb544957453180d437eb3b2c5f637280a111358c216aa5705e6b84	原位置文件；按哈希识别版本	3
桑迪亚报告.pdf	桑迪亚报告.pdf	7847110	629a89b76bd7e9f1d0c0196f5844070bc314efff93245b1c29037fbd59eb59b2	原位置文件；按哈希识别版本	1
空间锂冷堆He-Xe布雷顿循环发电系统优化设计与运行特性分析_徐驰.pdf	空间锂冷堆He-Xe布雷顿循环发电系统优化设计与运行特性分析_徐驰.pdf	17864364	983bfc23712221f30202a47875cbe34c9559edf79b9c332aa20931b6075e4e7a	原位置文件；按哈希识别版本	1
透平程序 (Turbine Program).pdf	透平程序 (Turbine Program).pdf	2323410	40ad3ba37d5a74acc6b233ce635396324cf6523ef79c3f32f0e18bd844e4f36e	原位置文件；按哈希识别版本	1
