path,fluid,kind,signPolicy,finalValue,windowMean,windowMin,windowMax,windowPeakToPeakRel,windowTrendRel
final_steady_24a/IHX/IHX_region_1/T_c1_average_Integrator,HeXe,temperature,positive,1443.27978089705,1443.27974103908,1443.27968503214,1443.27978089705,6.642157237797e-08,6.54643809542783e-08
final_steady_24a/IHX/IHX_region_1/T_c2_out_Integrator,HeXe,temperature,positive,1515.10967867008,1515.10963353203,1515.10956768437,1515.10967867008,7.32525955924122e-08,7.18164254371351e-08
final_steady_24a/IHX/IHX_region_1/T_h1_average_Integrator,Lithium,temperature,positive,1563.93585523704,1563.93580769578,1563.93573682002,1563.93585523704,7.57173152171021e-08,7.40131504805953e-08
final_steady_24a/IHX/IHX_region_1/T_h2_out_Integrator,Lithium,temperature,positive,1540.28546076708,1540.28541295375,1540.28534236462,1540.28546076708,7.68704664476053e-08,7.5239568122069e-08
final_steady_24a/IHX/IHX_region_1/T_wall_Integrator,none,temperature,positive,1551.86983498886,1551.86978733132,1551.86971663482,1551.86983498886,7.62654459796207e-08,7.45991534315748e-08
final_steady_24a/IHX/IHX_region_2/T_c1_average_Integrator,HeXe,temperature,positive,1204.13588717963,1204.13586885729,1204.13585088082,1204.13588717963,3.01451079500054e-08,3.12830238870987e-08
final_steady_24a/IHX/IHX_region_2/T_c2_out_Integrator,HeXe,temperature,positive,1371.449883124,1371.44984854648,1371.44980237978,1371.449883124,5.8875085292039e-08,5.84471308121267e-08
final_steady_24a/IHX/IHX_region_2/T_h1_average_Integrator,Lithium,temperature,positive,1485.19462780101,1485.19458368207,1485.19452015398,1485.19462780101,7.24800878694552e-08,7.1194518358395e-08
final_steady_24a/IHX/IHX_region_2/T_h2_out_Integrator,Lithium,temperature,positive,1430.10379483719,1430.10375441855,1430.10369796245,1430.10379483719,6.77396611989855e-08,6.68266358244599e-08
final_steady_24a/IHX/IHX_region_2/T_wall_Integrator,none,temperature,positive,1457.087793356,1457.08775114055,1457.08769124119,1457.087793356,7.00814359108729e-08,6.89826011747609e-08
final_steady_24a/TAC/rotor/N_rpm_Integrator,none,speed,nonnegative,55090,55090,55090,55090,0,2.02506263362144e-16
final_steady_24a/precooler/precooler_1/T_c1_average_Integrator,none,temperature,positive,572.710627847787,572.710646221053,572.710627847787,572.7106804501,9.18479745325797e-08,8.67212078474397e-08
final_steady_24a/precooler/precooler_1/T_c2_out_Integrator,none,temperature,positive,649.593185198033,649.593208574715,649.593185198033,649.593253776919,1.05572047771846e-07,9.92922451304839e-08
final_steady_24a/precooler/precooler_1/T_h1_average_Integrator,HeXe,temperature,positive,621.447275004574,621.447294897263,621.447275004574,621.447333034489,9.33786586828758e-08,8.79115940122472e-08
final_steady_24a/precooler/precooler_1/T_h2_out_Integrator,HeXe,temperature,positive,544.83779733878,544.83781535298,544.83779733878,544.837847897248,9.27954461599435e-08,8.78957974260126e-08
final_steady_24a/precooler/precooler_1/T_wall_Integrator,none,temperature,positive,573.534096031693,573.534114454492,573.534096031693,573.534148793463,9.1994127717851e-08,8.68545022448663e-08
final_steady_24a/precooler/precooler_2/T_c1_average_Integrator,none,temperature,positive,424.478142155044,424.47814627791,424.478142155044,424.478152874985,2.52543996449258e-08,2.43237181473411e-08
final_steady_24a/precooler/precooler_2/T_c2_out_Integrator,none,temperature,positive,495.828070505058,495.828083903989,495.828070505058,495.828107220535,7.40488035294877e-08,7.04233797905982e-08
final_steady_24a/precooler/precooler_2/T_h1_average_Integrator,HeXe,temperature,positive,471.284457878058,471.284467764014,471.284457878058,471.284484821056,5.71692890803409e-08,5.44677359803485e-08
final_steady_24a/precooler/precooler_2/T_h2_out_Integrator,HeXe,temperature,positive,397.731118417287,397.731120175249,397.731118417287,397.731121744497,8.3654768865767e-09,8.67479885619515e-09
final_steady_24a/precooler/precooler_2/T_wall_Integrator,none,temperature,positive,425.268994905758,425.268999129953,425.268994905758,425.269005909906,2.58757365290663e-08,2.49106585565922e-08
final_steady_24a/reactor/Integrator,none,other,nonnegative,551579744.483654,551576873.343367,551572647.461533,551579744.483654,1.28667869603203e-05,1.2598533947921e-05
final_steady_24a/reactor/Integrator1,none,other,nonnegative,1238656916.39993,1238656754.13843,1238656429.10206,1238656916.39993,3.93408314289737e-07,3.69412214327422e-07
final_steady_24a/reactor/Integrator2,none,other,nonnegative,301363542.583536,301363529.938256,301363501.309505,301363542.583536,1.36957617635796e-07,1.26519129538148e-07
final_steady_24a/reactor/Integrator3,none,other,nonnegative,241248556.982274,241248548.646729,241248529.254781,241248556.982274,1.14933305104839e-07,1.05757293499488e-07
final_steady_24a/reactor/Integrator4,none,other,nonnegative,16854374.447592,16854373.9112953,16854372.6488025,16854374.447592,1.06725383528554e-07,9.80348738686597e-08
final_steady_24a/reactor/Integrator5,none,other,nonnegative,1238491.66248988,1238491.62365376,1238491.53203664,1238491.66248988,1.05332355612961e-07,9.67251594016685e-08
final_steady_24a/reactor/Integrator6,none,power,nonnegative,2880386.25841383,2880386.16883249,2880385.95725228,2880386.25841383,1.0455596455611e-07,9.59953190120184e-08
final_steady_24a/reactor/Integrator7,none,temperature,positive,1731.46537580914,1731.46532228263,1731.46523768848,1731.46537580914,7.97709641905239e-08,7.73453478878243e-08
final_steady_24a/recuperator/MannRegion_1/T_c1_average_Integrator,HeXe,temperature,positive,925.387315818878,925.38732742752,925.387315778512,925.387361307645,4.92000824013157e-08,4.39034994616546e-08
final_steady_24a/recuperator/MannRegion_1/T_c2_out_Integrator,HeXe,temperature,positive,1036.8218912352,1036.82188916739,1036.82188589134,1036.8218993815,1.3011067653738e-08,4.64799507270822e-09
final_steady_24a/recuperator/MannRegion_1/T_h1_average_Integrator,HeXe,temperature,positive,1032.28230196681,1032.28229620358,1032.28229306171,1032.28230196681,8.62661246231301e-09,6.74381020473553e-09
final_steady_24a/recuperator/MannRegion_1/T_h2_out_Integrator,HeXe,temperature,positive,920.828832109342,920.828849677347,920.828832109342,920.828896343548,6.9756943680685e-08,6.30487376734738e-08
final_steady_24a/recuperator/MannRegion_1/T_wall_Integrator,none,temperature,positive,978.834808419573,978.834813751463,978.834807272083,978.834836567509,2.99288756334074e-08,2.45478194238703e-08
final_steady_24a/recuperator/MannRegion_2/T_c1_average_Integrator,HeXe,temperature,positive,702.605007694257,702.605022744392,702.605007694257,702.605053804603,6.56276928140684e-08,6.12357227819755e-08
final_steady_24a/recuperator/MannRegion_2/T_c2_out_Integrator,HeXe,temperature,positive,813.95274040114,813.95276568464,813.95274040114,813.952823227105,1.01757704379871e-07,9.390123169699e-08
final_steady_24a/recuperator/MannRegion_2/T_h1_average_Integrator,HeXe,temperature,positive,809.442792389816,809.44281205957,809.442792389816,809.442857257929,8.01392163578454e-08,7.37751546241719e-08
final_steady_24a/recuperator/MannRegion_2/T_h2_out_Integrator,HeXe,temperature,positive,698.056752670376,698.056774441813,698.056752670376,698.056818171576,9.38336282294814e-08,8.79235743425435e-08
final_steady_24a/recuperator/MannRegion_2/T_wall_Integrator,none,temperature,positive,756.023900743526,756.023921250491,756.023900743526,756.023965569593,8.57460517160749e-08,7.95788181478988e-08
final_steady_24a/rediator/T_rad_Integrator,none,temperature,positive,590.098296697594,590.098314357686,590.098296697594,590.098348472855,8.77400599093804e-08,8.25544861339867e-08
